City_ID,City,Country,Lat,Lng,Max Temp,Humidity,Cloudiness,Wind Speed,Description,Date
0,Port Hardy,CA,50.7,-127.42,42.8,93,75,4.7,light intensity shower rain,2021-01-05 06:15:08
1,Ribeira Grande,PT,38.52,-28.7,61.79,85,100,26.91,overcast clouds,2021-01-05 06:16:37
2,Nantucket,US,41.28,-70.1,39.2,86,90,16.11,overcast clouds,2021-01-05 06:16:38
3,Khatanga,RU,71.97,102.5,-11.2,88,96,18.37,overcast clouds,2021-01-05 06:16:38
4,Avera,US,33.19,-82.53,43.0,100,75,3.36,broken clouds,2021-01-05 06:16:38
5,Pingliang,CN,35.54,106.69,25.79,68,64,3.22,broken clouds,2021-01-05 06:16:38
6,Georgetown,MY,5.41,100.34,84.2,78,20,5.82,few clouds,2021-01-05 06:16:39
7,Vaini,TO,-21.2,-175.2,80.6,88,75,11.41,broken clouds,2021-01-05 06:16:39
8,Vila Franca Do Campo,PT,37.72,-25.43,57.2,93,75,18.34,broken clouds,2021-01-05 06:16:39
9,Ponta Do Sol,PT,32.67,-17.1,61.0,82,40,5.82,light rain,2021-01-05 06:16:39
10,Cayenne,GF,4.93,-52.33,73.4,100,0,7.31,light rain,2021-01-05 06:16:40
11,Carnarvon,AU,-24.87,113.63,86.0,62,0,16.11,clear sky,2021-01-05 06:16:40
12,Barinas,VE,8.62,-70.21,70.45,64,24,4.81,few clouds,2021-01-05 06:15:28
13,Port Macquarie,AU,-31.43,152.92,84.0,54,24,1.99,few clouds,2021-01-05 06:16:40
14,Inuvik,CA,68.35,-133.72,-13.0,83,99,4.7,overcast clouds,2021-01-05 06:16:41
15,Yellowknife,CA,62.46,-114.35,-26.0,74,20,3.36,few clouds,2021-01-05 06:13:32
16,Jamestown,US,42.1,-79.24,32.0,100,90,1.16,mist,2021-01-05 06:16:31
17,Busselton,AU,-33.65,115.33,87.01,27,0,4.0,clear sky,2021-01-05 06:16:41
18,Ust-Kut,RU,56.79,105.77,-26.25,78,98,4.74,overcast clouds,2021-01-05 06:16:41
19,Punta Arenas,CL,-53.15,-70.92,48.2,66,40,11.41,scattered clouds,2021-01-05 06:16:42
20,Marystown,CA,47.17,-55.15,30.09,95,100,13.67,overcast clouds,2021-01-05 06:16:42
21,Faanui,PF,-16.48,-151.75,80.96,74,100,17.96,moderate rain,2021-01-05 06:16:42
22,Milledgeville,US,33.08,-83.23,46.99,78,28,4.99,scattered clouds,2021-01-05 06:16:42
23,Ilulissat,GL,69.22,-51.1,8.1,93,100,5.26,overcast clouds,2021-01-05 06:16:42
24,Leh,IN,34.17,77.58,20.66,77,100,1.95,overcast clouds,2021-01-05 06:16:43
25,Geraldton,AU,-28.77,114.6,96.8,16,0,25.28,clear sky,2021-01-05 06:16:43
26,Victoria,HK,22.29,114.16,70.0,51,28,1.41,scattered clouds,2021-01-05 06:16:26
27,Biak,ID,-0.91,122.88,83.53,72,99,5.44,light rain,2021-01-05 06:16:43
28,Elko,US,41.0,-115.5,36.0,96,77,13.0,light snow,2021-01-05 06:16:44
29,Kandrian,PG,-6.22,149.55,86.27,66,52,2.66,light rain,2021-01-05 06:16:44
30,Rikitea,PF,-23.12,-134.97,76.98,75,22,16.26,few clouds,2021-01-05 06:16:44
31,Clyde River,CA,70.47,-68.59,-20.2,75,1,5.82,clear sky,2021-01-05 06:16:44
32,Meadow Lake,US,34.8,-106.54,35.6,43,1,3.36,clear sky,2021-01-05 06:16:45
33,Vlist,NL,51.98,4.82,37.0,92,100,7.0,overcast clouds,2021-01-05 06:16:45
34,Bambous Virieux,MU,-20.34,57.76,82.99,69,40,11.41,scattered clouds,2021-01-05 06:16:45
35,Cherskiy,RU,68.75,161.3,-25.24,86,99,7.87,overcast clouds,2021-01-05 06:16:46
36,Nanakuli,US,21.39,-158.15,75.2,64,1,5.82,clear sky,2021-01-05 06:16:46
37,Floriano,BR,-6.77,-43.02,74.19,89,69,1.16,broken clouds,2021-01-05 06:16:46
38,San Jeronimo,PE,-11.95,-75.28,45.99,79,100,0.6,overcast clouds,2021-01-05 06:16:46
39,Borogontsy,RU,62.67,131.17,-47.88,76,90,1.57,overcast clouds,2021-01-05 06:16:46
40,Saldanha,ZA,-33.01,17.94,68.0,86,40,11.41,scattered clouds,2021-01-05 06:16:47
41,New Norfolk,AU,-42.78,147.06,73.0,38,74,1.01,broken clouds,2021-01-05 06:16:47
42,Ushuaia,AR,-54.8,-68.3,50.0,57,0,5.01,clear sky,2021-01-05 06:16:47
43,Marawi,PH,8.0,124.29,82.99,78,91,8.99,overcast clouds,2021-01-05 06:16:47
44,Manaure,CO,11.78,-72.44,74.8,77,0,4.09,clear sky,2021-01-05 06:16:48
45,Los Llanos De Aridane,ES,28.66,-17.92,66.2,77,75,4.7,broken clouds,2021-01-05 06:16:48
46,Presidencia Roque Saenz Pena,AR,-26.79,-60.44,69.96,82,18,4.45,few clouds,2021-01-05 06:16:48
47,Hithadhoo,MV,-0.6,73.08,83.14,74,100,17.78,heavy intensity rain,2021-01-05 06:16:48
48,Port Alfred,ZA,-33.59,26.89,73.99,94,51,1.01,broken clouds,2021-01-05 06:16:49
49,Hermanus,ZA,-34.42,19.23,68.0,87,100,1.99,overcast clouds,2021-01-05 06:16:49
50,Fortuna,US,40.6,-124.16,45.0,100,90,9.17,overcast clouds,2021-01-05 06:16:50
51,Omboue,GA,-1.57,9.26,76.82,90,21,7.36,few clouds,2021-01-05 06:16:50
52,Upernavik,GL,72.79,-56.15,16.79,88,100,32.61,overcast clouds,2021-01-05 06:13:58
53,Mataura,NZ,-46.19,168.86,62.01,75,79,1.99,light rain,2021-01-05 06:16:51
54,Don Matias,CO,6.49,-75.39,57.2,100,75,2.24,fog,2021-01-05 06:16:51
55,Green River,US,41.53,-109.47,28.4,68,90,9.17,overcast clouds,2021-01-05 06:16:51
56,Udachnyy,RU,66.42,112.4,-9.4,83,90,4.47,light snow,2021-01-05 06:16:51
57,Sembe,CG,1.65,14.58,74.35,73,5,1.52,clear sky,2021-01-05 06:16:52
58,Mahebourg,MU,-20.41,57.7,82.4,69,40,11.41,scattered clouds,2021-01-05 06:16:52
59,Winsum,NL,53.33,6.52,37.0,94,100,19.24,overcast clouds,2021-01-05 06:16:52
60,Kaitangata,NZ,-46.28,169.85,57.99,86,100,1.99,light rain,2021-01-05 06:16:52
61,Esperance,AU,-33.87,121.9,73.4,40,77,16.11,broken clouds,2021-01-05 06:16:53
62,Vestmannaeyjar,IS,63.44,-20.27,38.32,96,100,9.82,light rain,2021-01-05 06:16:53
63,Pevek,RU,69.7,170.31,-15.29,89,100,9.35,light snow,2021-01-05 06:16:53
64,Half Moon Bay,US,37.46,-122.43,50.0,93,1,2.35,clear sky,2021-01-05 06:16:53
65,Sunyani,GH,7.34,-2.33,70.34,99,15,2.77,few clouds,2021-01-05 06:16:53
66,Avarua,CK,-21.21,-159.78,80.6,78,35,13.87,scattered clouds,2021-01-05 06:14:01
67,Katsuura,JP,35.13,140.3,48.99,63,100,19.08,light rain,2021-01-05 06:16:54
68,Okhotsk,RU,59.38,143.3,-5.62,91,100,11.99,overcast clouds,2021-01-05 06:16:54
69,Cape Town,ZA,-33.93,18.42,73.99,77,75,20.8,broken clouds,2021-01-05 06:15:01
70,Acarau,BR,-2.89,-40.12,78.15,83,45,9.22,scattered clouds,2021-01-05 06:16:54
71,Husavik,IS,66.04,-17.34,37.4,64,20,16.11,few clouds,2021-01-05 06:16:55
72,Thompson,CA,55.74,-97.86,-4.0,83,90,2.26,light snow,2021-01-05 06:16:55
73,Bembereke,BJ,10.23,2.66,68.11,26,13,4.43,few clouds,2021-01-05 06:16:55
74,Alofi,NU,-19.06,-169.92,80.6,83,98,4.7,moderate rain,2021-01-05 06:16:55
75,Atuona,PF,-9.8,-139.03,78.48,77,98,18.41,overcast clouds,2021-01-05 06:16:56
76,Ratnagiri,IN,16.98,73.3,84.25,54,65,1.68,broken clouds,2021-01-05 06:16:56
77,Bredasdorp,ZA,-34.53,20.04,69.8,73,40,9.17,light rain,2021-01-05 06:16:56
78,Egvekinot,RU,66.32,-179.17,-4.41,85,100,9.48,overcast clouds,2021-01-05 06:16:56
79,Ostrovnoy,RU,68.05,39.51,12.2,95,70,11.59,broken clouds,2021-01-05 06:16:57
80,Ancud,CL,-41.87,-73.82,53.01,76,0,9.17,clear sky,2021-01-05 06:16:57
81,Braco Do Norte,BR,-28.27,-49.17,65.17,87,100,2.53,overcast clouds,2021-01-05 06:16:57
82,Puerto Ayora,EC,-0.74,-90.35,70.0,93,32,1.01,scattered clouds,2021-01-05 06:16:57
83,Brae,GB,60.4,-1.35,39.2,86,92,6.93,overcast clouds,2021-01-05 06:16:58
84,Katobu,ID,-4.94,122.53,82.76,83,100,5.93,moderate rain,2021-01-05 06:16:58
85,Broome,US,42.25,-75.83,33.01,92,90,4.7,overcast clouds,2021-01-05 06:16:58
86,Deputatskiy,RU,69.3,139.9,-29.06,84,20,5.73,few clouds,2021-01-05 06:16:59
87,Sur,OM,22.57,59.53,72.01,32,0,12.95,clear sky,2021-01-05 06:16:59
88,Beringovskiy,RU,63.05,179.32,-8.41,88,48,14.92,scattered clouds,2021-01-05 06:16:59
89,Sisimiut,GL,66.94,-53.67,11.41,93,100,7.74,light snow,2021-01-05 06:16:59
90,Umm Lajj,SA,25.02,37.27,74.52,56,0,5.44,clear sky,2021-01-05 06:16:59
91,Severo-Kurilsk,RU,50.68,156.12,19.49,90,77,22.24,broken clouds,2021-01-05 06:17:00
92,Henties Bay,NA,-22.12,14.28,71.01,84,66,4.0,broken clouds,2021-01-05 06:17:00
93,Pontianak,ID,-0.03,109.33,86.0,70,20,3.36,few clouds,2021-01-05 06:17:00
94,Tuktoyaktuk,CA,69.45,-133.04,-14.8,75,90,17.22,light snow,2021-01-05 06:17:01
95,Hilo,US,19.73,-155.09,75.2,78,90,2.08,light rain,2021-01-05 06:17:01
96,Kruisfontein,ZA,-34.0,24.73,72.0,95,95,1.01,light rain,2021-01-05 06:17:01
97,Caravelas,BR,-17.71,-39.25,74.55,92,1,5.41,light rain,2021-01-05 06:17:02
98,Salinopolis,BR,-0.61,-47.36,79.0,82,98,8.63,overcast clouds,2021-01-05 06:17:02
99,Alamogordo,US,32.9,-105.96,41.0,34,1,3.36,clear sky,2021-01-05 06:14:29
100,Poum,NC,-20.23,164.02,82.56,79,71,6.2,broken clouds,2021-01-05 06:17:03
101,Estelle,US,29.85,-90.11,57.99,100,40,5.82,scattered clouds,2021-01-05 06:17:03
102,Castro,BR,-24.79,-50.01,60.01,92,77,3.42,broken clouds,2021-01-05 06:17:04
103,Saint-Augustin,CA,51.23,-58.65,18.0,95,0,4.43,clear sky,2021-01-05 06:17:04
104,Togur,RU,58.36,82.83,-20.33,86,13,2.64,few clouds,2021-01-05 06:17:05
105,Andenes,NO,69.31,16.12,39.99,93,75,16.11,light rain,2021-01-05 06:17:05
106,Yizheng,CN,24.67,103.43,64.0,33,99,8.88,overcast clouds,2021-01-05 06:17:05
107,Qaanaaq,GL,77.48,-69.36,-5.48,73,42,4.99,scattered clouds,2021-01-05 06:17:06
108,Zeya,RU,53.75,127.27,-12.24,77,45,3.44,scattered clouds,2021-01-05 06:17:06
109,Gander,CA,48.97,-54.59,24.8,85,90,12.75,overcast clouds,2021-01-05 06:17:06
110,Uklana Mandi,IN,29.5,75.88,71.96,54,84,15.35,light rain,2021-01-05 06:17:07
111,Kingsland,US,30.8,-81.69,46.4,87,1,6.93,clear sky,2021-01-05 06:15:05
112,Altay,CN,47.87,88.12,0.73,71,0,1.3,clear sky,2021-01-05 06:17:07
113,Yarada,IN,17.65,83.27,82.4,58,72,4.7,haze,2021-01-05 06:17:08
114,Albany,US,42.6,-73.97,33.01,87,100,2.33,overcast clouds,2021-01-05 06:17:08
115,Taseyevo,RU,57.22,94.9,-18.99,85,41,8.55,scattered clouds,2021-01-05 06:17:09
116,Bluff,NZ,-46.6,168.33,62.01,75,74,1.99,broken clouds,2021-01-05 06:17:09
117,Longyearbyen,SJ,78.22,15.64,28.4,92,90,47.2,heavy snow,2021-01-05 06:15:19
118,Nioro,GM,13.35,-15.75,71.53,26,4,6.98,clear sky,2021-01-05 06:17:09
119,Pisco,PE,-13.7,-76.22,68.0,88,0,9.17,clear sky,2021-01-05 06:17:10
120,Nome,US,64.5,-165.41,-0.4,59,90,12.75,overcast clouds,2021-01-05 06:13:16
121,Santa Rosa,PH,14.31,121.11,84.2,74,75,6.93,light rain,2021-01-05 06:17:10
122,Beloha,MG,-25.17,45.05,85.6,52,23,7.02,few clouds,2021-01-05 06:17:10
123,Erechim,BR,-27.63,-52.27,62.08,96,96,3.38,light rain,2021-01-05 06:17:11
124,Barrow,US,71.29,-156.79,-20.2,82,90,5.82,mist,2021-01-05 06:16:00
125,Mangrol,IN,21.12,70.12,73.58,38,0,13.02,clear sky,2021-01-05 06:17:11
126,Mar Del Plata,AR,-38.0,-57.56,66.2,100,90,11.41,mist,2021-01-05 06:12:32
127,Torbay,CA,47.67,-52.73,32.0,100,90,17.22,light snow,2021-01-05 06:17:12
128,Strezhevoy,RU,60.73,77.59,-23.8,74,0,4.47,clear sky,2021-01-05 06:14:15
129,Marsh Harbour,BS,26.54,-77.06,71.08,61,100,12.03,overcast clouds,2021-01-05 06:17:12
130,Pemangkat,ID,1.17,108.97,82.78,69,100,2.86,heavy intensity rain,2021-01-05 06:17:12
131,Bom Jesus,BR,-9.07,-44.36,71.69,80,16,1.54,few clouds,2021-01-05 06:17:13
132,Siocon,PH,7.71,122.14,84.38,74,99,10.18,light rain,2021-01-05 06:17:13
133,Bonthe,SL,7.53,-12.51,78.76,85,32,5.48,scattered clouds,2021-01-05 06:17:13
134,Sao Jose Da Coroa Grande,BR,-8.9,-35.15,76.39,81,39,7.96,scattered clouds,2021-01-05 06:17:13
135,Novyy Urgal,RU,51.07,132.56,-21.33,80,45,0.96,scattered clouds,2021-01-05 06:17:13
136,Caconda,AO,-13.73,15.07,59.2,69,90,5.17,overcast clouds,2021-01-05 06:17:13
137,Norman Wells,CA,65.28,-126.83,-5.8,63,20,20.8,few clouds,2021-01-05 06:17:14
138,Lorengau,PG,-2.02,147.27,86.22,68,99,12.8,overcast clouds,2021-01-05 06:17:14
139,Atambua,ID,-9.11,124.89,82.9,72,88,5.17,light rain,2021-01-05 06:15:13
140,Manaus,BR,-3.1,-60.02,77.0,88,0,1.45,clear sky,2021-01-05 06:14:02
141,Bethel,US,41.37,-73.41,30.99,92,75,3.22,broken clouds,2021-01-05 06:16:57
142,Nalut,LY,30.33,10.85,42.51,55,74,8.23,broken clouds,2021-01-05 06:17:15
143,Hauterive,FR,46.09,3.45,32.0,92,90,3.36,overcast clouds,2021-01-05 06:17:15
144,Khasan,RU,42.43,130.64,13.68,75,0,19.95,clear sky,2021-01-05 06:17:15
145,Kodiak,US,57.79,-152.41,38.91,95,100,17.13,light rain,2021-01-05 06:17:15
146,Cabo San Lucas,MX,22.89,-109.91,60.01,78,3,1.01,clear sky,2021-01-05 06:16:41
147,Gondar,ET,12.6,37.47,66.22,28,3,4.12,clear sky,2021-01-05 06:16:31
148,Hamilton,US,39.18,-84.53,36.0,92,90,1.48,overcast clouds,2021-01-05 06:17:16
149,Ketchikan,US,55.34,-131.65,41.0,86,90,28.86,moderate rain,2021-01-05 06:17:16
150,Lasa,IT,46.62,10.7,30.0,85,5,1.14,clear sky,2021-01-05 06:17:17
151,Camacha,PT,33.08,-16.33,64.4,88,40,18.34,light rain,2021-01-05 06:17:17
152,Batala,IN,31.82,75.2,60.8,93,75,2.24,light rain,2021-01-05 06:17:17
153,Listvyagi,RU,53.68,86.95,-12.98,88,43,5.03,scattered clouds,2021-01-05 06:17:17
154,Hobyo,SO,5.35,48.53,78.58,63,100,23.67,overcast clouds,2021-01-05 06:17:18
155,Christchurch,NZ,-43.53,172.63,63.0,87,100,13.87,overcast clouds,2021-01-05 06:17:18
156,Adrar,MR,20.5,-10.07,62.91,40,56,7.85,broken clouds,2021-01-05 06:17:18
157,Mount Gambier,AU,-37.83,140.77,62.6,63,90,19.46,overcast clouds,2021-01-05 06:17:18
158,Port Augusta,AU,-32.5,137.77,77.0,53,0,27.51,clear sky,2021-01-05 06:17:18
159,East London,ZA,-33.02,27.91,78.8,74,20,17.22,few clouds,2021-01-05 06:17:19
160,Seoul,KR,37.57,126.98,26.6,25,20,8.05,few clouds,2021-01-05 06:15:12
161,Lebu,CL,-37.62,-73.65,54.1,86,0,18.37,clear sky,2021-01-05 06:17:19
162,Nouadhibou,MR,20.93,-17.03,66.2,52,0,8.05,clear sky,2021-01-05 06:17:19
163,Hirara,JP,24.8,125.28,68.0,88,75,18.34,broken clouds,2021-01-05 06:17:20
164,Makakilo City,US,21.35,-158.09,75.2,64,1,5.82,clear sky,2021-01-05 06:17:15
165,Lynn Haven,US,30.25,-85.65,48.2,93,1,2.44,clear sky,2021-01-05 06:17:20
166,Oriximina,BR,-1.77,-55.87,75.43,83,82,2.91,broken clouds,2021-01-05 06:17:20
167,Hammerfest,NO,70.66,23.68,39.2,86,75,16.11,light rain,2021-01-05 06:17:20
168,Provideniya,RU,64.38,-173.3,-0.11,84,0,15.93,clear sky,2021-01-05 06:17:21
169,Arraial Do Cabo,BR,-22.97,-42.03,73.78,93,50,4.05,scattered clouds,2021-01-05 06:17:21
170,Gat,IL,31.61,34.76,55.4,100,90,3.36,fog,2021-01-05 06:14:04
171,Krasnoselkup,RU,65.7,82.47,-20.96,86,24,10.92,few clouds,2021-01-05 06:17:21
172,Padang,ID,-0.95,100.35,89.6,62,20,10.29,light rain,2021-01-05 06:17:22
173,Nyimba,ZM,-14.56,30.81,73.78,86,52,4.85,light rain,2021-01-05 06:17:22
174,Lata,PT,40.16,-8.33,37.99,91,0,3.29,clear sky,2021-01-05 06:17:22
175,Noshiro,JP,40.2,140.02,26.6,73,75,3.36,light snow,2021-01-05 06:17:22
176,Constitucion,CL,-35.33,-72.42,56.03,69,21,5.28,few clouds,2021-01-05 06:17:23
177,Eyl,SO,7.98,49.82,77.63,53,78,22.08,broken clouds,2021-01-05 06:17:23
178,Grindavik,IS,63.84,-22.43,33.8,71,75,4.7,broken clouds,2021-01-05 06:17:23
179,Akdagmadeni,TR,39.66,35.88,37.17,77,85,5.32,overcast clouds,2021-01-05 06:17:23
180,Banda Aceh,ID,5.56,95.32,83.5,70,83,12.28,broken clouds,2021-01-05 06:17:23
181,The Valley,AI,18.22,-63.06,75.99,83,40,5.82,scattered clouds,2021-01-05 06:17:24
182,Miles City,US,46.41,-105.84,33.8,47,1,8.05,clear sky,2021-01-05 06:17:24
183,Peniche,PT,39.36,-9.38,39.99,77,13,4.0,few clouds,2021-01-05 06:17:24
184,Ystad,SE,55.43,13.82,32.0,84,20,11.41,few clouds,2021-01-05 06:17:24
185,Laguna,US,38.42,-121.42,48.0,87,1,5.82,clear sky,2021-01-05 06:16:12
186,Pyapon,MM,16.28,95.68,90.93,35,0,7.43,clear sky,2021-01-05 06:17:25
187,Aykhal,RU,66.0,111.5,-9.4,83,90,4.47,light snow,2021-01-05 06:17:25
188,Vardo,NO,70.37,31.11,26.6,86,0,16.11,clear sky,2021-01-05 06:17:25
189,Sioux Lookout,CA,50.1,-91.92,28.4,86,90,8.05,overcast clouds,2021-01-05 06:17:25
190,Madang,PG,-5.22,145.8,85.91,67,94,7.65,overcast clouds,2021-01-05 06:17:26
191,Marrakesh,MA,31.63,-8.01,50.0,87,75,3.36,broken clouds,2021-01-05 06:17:26
192,Saskylakh,RU,71.92,114.08,-1.16,90,98,15.39,overcast clouds,2021-01-05 06:17:26
193,Sitka,US,57.05,-135.33,39.2,69,90,18.34,moderate rain,2021-01-05 06:17:27
194,Rawson,AR,-43.3,-65.1,56.64,65,0,3.94,clear sky,2021-01-05 06:17:27
195,Medea,DZ,36.26,2.75,44.6,70,20,6.93,few clouds,2021-01-05 06:17:27
196,Dongsheng,CN,39.82,109.98,9.03,63,0,23.17,clear sky,2021-01-05 06:17:27
197,Portland,US,45.52,-122.68,45.0,89,65,4.0,broken clouds,2021-01-05 06:17:19
198,Gostinu,RO,44.0,26.12,48.99,94,100,7.65,light rain,2021-01-05 06:17:28
199,Grenville,GD,12.12,-61.62,77.0,83,40,2.24,scattered clouds,2021-01-05 06:17:28
200,Srostki,RU,52.42,85.7,-8.57,89,0,6.13,clear sky,2021-01-05 06:17:28
201,Obra,IN,24.42,82.98,81.25,33,92,3.96,overcast clouds,2021-01-05 06:17:29
202,Talnakh,RU,69.49,88.4,-9.4,76,90,20.13,light snow,2021-01-05 06:17:29
203,Sitionuevo,CO,10.78,-74.72,78.8,74,0,8.05,clear sky,2021-01-05 06:17:29
204,Port Pirie,AU,-33.18,138.02,71.6,53,0,27.51,clear sky,2021-01-05 06:17:29
205,Sheregesh,RU,52.92,87.99,-3.98,88,45,3.47,scattered clouds,2021-01-05 06:17:30
206,Tecoanapa,MX,16.52,-98.75,75.92,87,20,4.29,few clouds,2021-01-05 06:17:30
207,Verkhoyansk,RU,67.54,133.38,-38.81,77,19,1.57,few clouds,2021-01-05 06:15:00
208,Tamworth,GB,52.63,-1.7,34.0,94,0,10.29,clear sky,2021-01-05 06:17:30
209,Mayo,US,38.89,-76.51,41.0,86,90,1.81,overcast clouds,2021-01-05 06:17:31
210,Bengkulu,ID,-3.8,102.27,85.71,66,56,9.55,moderate rain,2021-01-05 06:17:31
211,Comodoro Rivadavia,AR,-45.87,-67.5,51.8,66,0,3.36,clear sky,2021-01-05 06:17:31
212,Kapaa,US,22.08,-159.32,75.2,78,40,10.29,scattered clouds,2021-01-05 06:17:31
213,Port Blair,IN,11.67,92.75,84.2,74,40,11.41,scattered clouds,2021-01-05 06:17:31
214,Salalah,OM,17.02,54.09,73.4,38,0,5.82,clear sky,2021-01-05 06:17:32
215,Chuy,UY,-33.7,-53.46,69.46,87,87,8.28,overcast clouds,2021-01-05 06:17:32
216,Lake Charles,US,30.21,-93.2,48.2,100,1,4.03,clear sky,2021-01-05 06:15:03
217,Atar,MR,20.52,-13.05,65.66,43,70,4.32,broken clouds,2021-01-05 06:17:32
218,Mirabad,AF,30.44,61.84,40.86,57,0,19.75,clear sky,2021-01-05 06:17:32
219,Coahuayana,MX,18.73,-103.68,69.8,77,5,3.13,clear sky,2021-01-05 06:17:33
220,Hun,LY,29.13,15.95,46.58,55,24,6.02,few clouds,2021-01-05 06:17:33
221,Taltal,CL,-25.4,-70.48,62.94,80,24,1.9,few clouds,2021-01-05 06:17:33
222,Mount Isa,AU,-20.73,139.5,96.8,32,40,12.75,scattered clouds,2021-01-05 06:17:33
223,Klaksvik,FO,62.23,-6.59,39.2,100,91,2.24,fog,2021-01-05 06:17:34
224,Fuling,CN,29.7,107.39,50.63,59,94,2.13,overcast clouds,2021-01-05 06:17:34
225,Lappeenranta,FI,61.06,28.19,25.0,88,96,5.44,overcast clouds,2021-01-05 06:17:34
226,Sobolevo,RU,54.43,31.9,30.25,99,98,8.41,overcast clouds,2021-01-05 06:17:34
227,Nanortalik,GL,60.14,-45.24,28.02,96,97,6.73,overcast clouds,2021-01-05 06:17:35
228,Kysyl-Syr,RU,63.9,122.76,-39.35,80,47,4.09,scattered clouds,2021-01-05 06:17:35
229,Buraydah,SA,26.33,43.98,53.6,100,75,11.41,mist,2021-01-05 06:17:35
230,Vestmanna,FO,62.16,-7.17,39.2,100,92,2.24,fog,2021-01-05 06:17:35
231,Saint George,US,37.1,-113.58,43.0,41,1,3.36,clear sky,2021-01-05 06:12:44
232,Dubbo,AU,-32.25,148.62,86.0,40,6,9.17,clear sky,2021-01-05 06:14:12
233,Ust-Nera,RU,64.57,143.2,-17.79,78,100,1.57,overcast clouds,2021-01-05 06:17:36
234,Emba,KZ,48.83,58.14,3.88,86,10,4.97,clear sky,2021-01-05 06:17:36
235,Nikolskoye,RU,59.7,30.79,27.0,92,75,3.29,broken clouds,2021-01-05 06:17:36
236,Saintes,FR,45.67,-0.75,35.6,99,90,9.17,overcast clouds,2021-01-05 06:17:36
237,Ahipara,NZ,-35.17,173.17,70.84,65,27,0.49,scattered clouds,2021-01-05 06:17:37
238,Matara,LK,5.95,80.54,85.14,65,86,6.71,light rain,2021-01-05 06:17:37
239,Ihosy,MG,-22.4,46.12,77.02,61,39,4.74,scattered clouds,2021-01-05 06:17:37
240,Santa Cruz De Tenerife,ES,28.47,-16.25,62.01,93,75,5.82,broken clouds,2021-01-05 06:17:37
241,Srednekolymsk,RU,67.45,153.68,-29.25,84,60,7.02,broken clouds,2021-01-05 06:17:37
242,Moose Jaw,CA,50.4,-105.53,19.4,79,20,8.05,few clouds,2021-01-05 06:17:38
243,Alyangula,AU,-13.85,136.42,93.2,56,67,2.24,light rain,2021-01-05 06:17:38
244,Muli,MV,2.92,73.57,83.14,70,94,4.45,light rain,2021-01-05 06:17:38
245,Vadso,NO,70.07,29.75,26.6,86,0,16.11,clear sky,2021-01-05 06:17:39
246,Bukachacha,RU,52.98,116.92,-12.37,78,100,4.05,overcast clouds,2021-01-05 06:17:39
247,Fairbanks,US,64.84,-147.72,-9.0,75,20,2.17,few clouds,2021-01-05 06:17:39
248,Zaykovo,RU,57.56,62.76,-1.3,92,98,6.44,overcast clouds,2021-01-05 06:17:39
249,Zhanaozen,KZ,43.3,52.8,22.78,93,0,15.19,clear sky,2021-01-05 06:17:40
250,Dunedin,NZ,-45.87,170.5,57.99,85,100,4.0,light rain,2021-01-05 06:17:40
251,Smithers,CA,54.78,-127.17,24.8,85,1,8.05,clear sky,2021-01-05 06:15:05
252,Ajdabiya,LY,30.76,20.23,53.83,67,100,7.31,overcast clouds,2021-01-05 06:17:40
253,Fort Saint James,CA,54.43,-124.25,18.68,95,69,3.2,broken clouds,2021-01-05 06:17:41
254,Sibolga,ID,1.74,98.78,86.49,61,44,6.15,scattered clouds,2021-01-05 06:17:33
255,Kathu,TH,7.92,98.33,84.99,70,40,3.36,scattered clouds,2021-01-05 06:17:41
256,Leningradskiy,RU,69.38,178.42,-8.64,89,99,10.74,overcast clouds,2021-01-05 06:17:41
257,Los Algarrobos,PA,8.5,-82.43,70.03,75,59,4.94,broken clouds,2021-01-05 06:17:41
258,Havoysund,NO,71.0,24.66,39.2,86,75,14.99,light rain,2021-01-05 06:17:42
259,Katherine,AU,-14.47,132.27,93.2,49,65,6.93,broken clouds,2021-01-05 06:17:42
260,Trinidad,BO,-14.83,-64.9,72.84,94,99,3.76,light rain,2021-01-05 06:17:42
261,Sorland,NO,67.67,12.69,41.0,100,75,16.11,broken clouds,2021-01-05 06:17:43
262,Saint-Philippe,RE,-21.36,55.77,84.2,62,75,21.92,broken clouds,2021-01-05 06:17:43
263,Shahr-E Kord,IR,32.33,50.86,28.4,58,0,2.24,clear sky,2021-01-05 06:17:43
264,Rio Gallegos,AR,-51.62,-69.22,50.0,53,0,12.75,clear sky,2021-01-05 06:17:43
265,Chokurdakh,RU,70.63,147.92,-20.34,88,100,11.9,overcast clouds,2021-01-05 06:17:43
266,Hobart,AU,-42.88,147.33,71.01,46,20,14.99,few clouds,2021-01-05 06:15:07
267,Matadi,CD,-5.82,13.45,77.14,89,97,0.6,overcast clouds,2021-01-05 06:17:44
268,Butaritari,KI,3.07,172.79,82.02,79,100,17.67,overcast clouds,2021-01-05 06:17:44
269,Kvarkeno,RU,52.08,59.73,3.18,91,96,4.36,overcast clouds,2021-01-05 06:17:44
270,Monrovia,LR,6.3,-10.8,77.0,94,75,4.36,broken clouds,2021-01-05 06:17:44
271,Lanzhou,CN,36.06,103.79,19.4,44,0,2.24,clear sky,2021-01-05 06:17:45
272,Devonport,AU,-41.17,146.35,71.01,61,68,1.01,broken clouds,2021-01-05 06:17:45
273,Dawei,MM,14.08,98.2,92.64,38,61,1.07,broken clouds,2021-01-05 06:17:45
274,Kungurtug,RU,50.6,97.52,-17.3,79,100,3.11,overcast clouds,2021-01-05 06:17:45
275,Port Lincoln,AU,-34.73,135.87,64.0,66,85,19.33,overcast clouds,2021-01-05 06:17:46
276,Tiksi,RU,71.69,128.87,-13.59,89,98,10.63,overcast clouds,2021-01-05 06:17:46
277,Airai,TL,-8.93,125.41,68.88,100,96,2.35,moderate rain,2021-01-05 06:17:46
278,Kamyshin,RU,50.1,45.42,20.46,98,100,9.13,overcast clouds,2021-01-05 06:17:46
279,Kuhdasht,IR,33.53,47.61,42.8,45,0,9.17,clear sky,2021-01-05 06:17:47
280,Griffith,US,41.53,-87.42,28.99,100,90,3.36,overcast clouds,2021-01-05 06:13:30
281,Haines Junction,CA,60.75,-137.51,3.94,89,100,1.63,overcast clouds,2021-01-05 06:17:47
282,Aden,YE,12.78,45.04,76.98,75,8,14.65,clear sky,2021-01-05 06:12:59
283,Axim,GH,4.87,-2.24,78.84,88,56,8.68,broken clouds,2021-01-05 06:17:47
284,Dharmadam,IN,11.78,75.43,86.0,62,20,5.82,few clouds,2021-01-05 06:17:48
285,Quebo,GW,11.33,-14.93,65.8,62,3,2.64,clear sky,2021-01-05 06:17:48
286,Trincomalee,LK,8.57,81.23,80.58,81,95,10.13,light rain,2021-01-05 06:17:48
287,Palmer,US,42.16,-72.33,30.0,100,90,3.51,overcast clouds,2021-01-05 06:17:48
288,Westport,US,41.14,-73.36,34.0,80,1,4.7,clear sky,2021-01-05 06:16:10
289,Rosarito,MX,32.33,-117.03,51.8,87,75,8.21,mist,2021-01-05 06:17:49
290,Te Anau,NZ,-45.42,167.72,54.66,91,99,0.43,overcast clouds,2021-01-05 06:17:49
291,Codrington,AU,-38.27,141.97,57.81,83,100,15.52,overcast clouds,2021-01-05 06:17:49
292,Manica,FR,49.0,-1.17,35.6,98,0,2.24,clear sky,2021-01-05 06:17:50
293,Novopokrovka,UA,49.84,36.55,30.2,92,90,17.9,overcast clouds,2021-01-05 06:17:50
294,Tocopilla,CL,-22.09,-70.2,67.57,69,36,1.21,scattered clouds,2021-01-05 06:17:50
295,Havelock,US,34.88,-76.9,41.0,93,75,1.99,broken clouds,2021-01-05 06:16:22
296,Coihaique,CL,-45.58,-72.07,46.4,75,0,4.7,clear sky,2021-01-05 06:17:50
297,Berdigestyakh,RU,62.1,126.7,-36.33,82,100,3.83,overcast clouds,2021-01-05 06:17:51
298,Nur,PL,52.67,22.32,39.0,92,100,8.01,light rain,2021-01-05 06:17:51
299,Goderich,CA,43.75,-81.72,32.0,93,98,6.93,overcast clouds,2021-01-05 06:17:51
300,Krokeai,GR,36.88,22.55,51.01,100,20,4.18,mist,2021-01-05 06:17:51
301,Great Falls,US,47.5,-111.3,44.6,48,1,12.75,clear sky,2021-01-05 06:17:51
302,Bandarbeyla,SO,9.49,50.81,75.11,60,39,20.42,scattered clouds,2021-01-05 06:17:52
303,Kahului,US,20.89,-156.47,75.2,73,40,14.99,light rain,2021-01-05 06:17:52
304,Pangody,RU,65.85,74.49,-16.55,88,61,10.29,broken clouds,2021-01-05 06:17:52
305,Guerrero Negro,MX,27.98,-114.06,58.84,85,61,10.54,broken clouds,2021-01-05 06:17:52
306,Cancun,MX,21.17,-86.85,77.0,94,90,5.82,light rain,2021-01-05 06:16:27
307,Tanout,NE,14.97,8.89,68.45,23,0,8.79,clear sky,2021-01-05 06:17:53
308,High Level,CA,58.52,-117.14,-0.4,84,90,4.7,overcast clouds,2021-01-05 06:17:53
309,Chapais,CA,49.78,-74.85,19.4,92,90,11.41,overcast clouds,2021-01-05 06:17:53
310,Awjilah,LY,29.11,21.29,51.03,78,79,10.54,broken clouds,2021-01-05 06:17:54
311,Xixiang,CN,35.16,112.86,38.61,58,80,3.4,broken clouds,2021-01-05 06:17:54
312,Ishigaki,JP,24.34,124.16,69.8,88,75,21.92,broken clouds,2021-01-05 06:17:54
313,Leshukonskoye,RU,64.9,45.76,2.95,94,88,4.18,overcast clouds,2021-01-05 06:17:54
314,Waipawa,NZ,-41.41,175.52,68.0,77,50,23.04,scattered clouds,2021-01-05 06:17:55
315,Kavaratti,IN,10.57,72.64,86.0,66,40,4.7,light rain,2021-01-05 06:17:55
316,Itaituba,BR,-4.28,-55.98,73.71,87,61,1.16,broken clouds,2021-01-05 06:17:55
317,Nyahururu,KE,0.04,36.37,60.35,60,48,8.21,scattered clouds,2021-01-05 06:16:22
318,Santa Maria,BR,-29.68,-53.81,69.94,89,100,3.51,light rain,2021-01-05 06:17:56
319,Vikindu,TZ,-7.01,39.3,82.4,83,75,18.34,light rain,2021-01-05 06:17:56
320,Chulucanas,PE,-5.09,-80.16,74.55,63,100,4.14,overcast clouds,2021-01-05 06:17:56
321,Rochegda,RU,62.8,43.25,8.17,96,98,3.6,overcast clouds,2021-01-05 06:17:57
322,Bilma,NE,18.69,12.92,69.71,22,0,5.73,clear sky,2021-01-05 06:17:57
323,Aitape,PG,-3.14,142.35,84.52,72,100,7.09,light rain,2021-01-05 06:17:57
324,Coquimbo,CL,-29.95,-71.34,59.0,87,57,3.36,broken clouds,2021-01-05 06:17:57
325,Carnaiba,BR,-8.7,-37.67,68.9,84,0,5.48,clear sky,2021-01-05 06:17:58
326,Kudahuvadhoo,MV,2.67,72.89,83.14,71,85,4.79,heavy intensity rain,2021-01-05 06:17:58
327,Kavieng,PG,-2.57,150.8,85.87,70,68,12.39,broken clouds,2021-01-05 06:17:58
328,Dauriya,RU,49.93,116.87,-11.16,82,100,15.66,overcast clouds,2021-01-05 06:17:59
329,Puerto Suarez,BO,-18.95,-57.8,70.97,95,100,4.72,light rain,2021-01-05 06:17:59
330,La Rioja,ES,42.25,-2.5,35.6,74,75,12.75,broken clouds,2021-01-05 06:13:05
331,Khomeyn,IR,33.64,50.08,31.19,88,0,2.28,clear sky,2021-01-05 06:17:59
332,Omuta,JP,33.03,130.45,53.01,50,75,8.05,broken clouds,2021-01-05 06:17:59
333,Jacareacanga,BR,-6.22,-57.75,72.9,89,88,1.52,overcast clouds,2021-01-05 06:18:00
334,Richards Bay,ZA,-28.78,32.04,77.86,82,98,13.09,overcast clouds,2021-01-05 06:18:00
335,Smoky Lake,CA,54.12,-112.47,26.6,63,90,2.24,overcast clouds,2021-01-05 06:18:02
336,Hofn,IS,64.25,-15.21,37.26,76,62,4.09,broken clouds,2021-01-05 06:18:02
337,Northam,GB,51.03,-4.22,37.99,77,77,11.01,broken clouds,2021-01-05 06:18:02
338,Dikson,RU,73.51,80.55,7.12,94,100,27.63,overcast clouds,2021-01-05 06:18:03
339,Vanavara,RU,60.34,102.28,-21.12,86,100,8.97,overcast clouds,2021-01-05 06:18:03
340,Suba,PH,10.84,121.01,82.67,75,100,23.35,overcast clouds,2021-01-05 06:18:03
341,Kirakira,SB,-10.45,161.92,84.87,63,100,3.0,overcast clouds,2021-01-05 06:18:04
342,Seddon,AU,-37.81,144.89,66.99,93,75,17.22,broken clouds,2021-01-05 06:18:04
343,Itarema,BR,-2.92,-39.92,79.2,81,43,10.83,scattered clouds,2021-01-05 06:18:04
344,Tanggu,CN,39.02,117.65,26.6,19,0,11.18,clear sky,2021-01-05 06:18:04
345,Sarangani,PH,5.4,125.46,82.56,78,99,21.43,light rain,2021-01-05 06:18:04
346,Aswan,EG,24.09,32.91,62.71,39,0,8.63,clear sky,2021-01-05 06:18:05
347,Hasaki,JP,35.73,140.83,48.99,76,75,9.17,broken clouds,2021-01-05 06:18:05
348,Buala,SB,-8.14,159.59,86.05,63,98,7.14,overcast clouds,2021-01-05 06:18:05
349,Luderitz,NA,-26.65,15.16,68.0,88,78,1.12,broken clouds,2021-01-05 06:18:05
350,Kudinovo,RU,55.0,36.25,30.2,92,90,8.95,overcast clouds,2021-01-05 06:18:06
351,Nong Han,TH,17.36,103.11,86.0,48,0,6.93,clear sky,2021-01-05 06:18:06
352,Hearst,CA,49.68,-83.67,32.0,97,100,3.36,overcast clouds,2021-01-05 06:18:06
353,Nizhniy Baskunchak,RU,48.22,46.83,23.63,93,100,14.47,overcast clouds,2021-01-05 06:18:06
354,Taft,IR,31.75,54.21,39.2,44,20,4.54,few clouds,2021-01-05 06:18:06
355,Suez,EG,29.97,32.53,61.02,76,5,8.34,clear sky,2021-01-05 06:18:07
356,Plettenberg Bay,ZA,-34.05,23.37,69.75,91,70,3.42,light rain,2021-01-05 06:18:07
357,Port Elizabeth,ZA,-33.92,25.57,73.4,94,90,5.82,overcast clouds,2021-01-05 06:18:07
358,Changping,CN,40.22,116.22,28.4,16,0,15.66,clear sky,2021-01-05 06:18:07
359,Zhuhai,CN,22.28,113.57,73.99,56,0,5.82,clear sky,2021-01-05 06:13:50
360,Klin,RU,56.33,36.73,28.4,92,90,6.71,light snow,2021-01-05 06:17:36
361,Mengyin,CN,35.71,117.93,29.5,80,49,4.36,scattered clouds,2021-01-05 06:18:08
362,Dawson Creek,CA,55.77,-120.24,15.8,85,1,3.36,clear sky,2021-01-05 06:15:06
363,Freeport,US,40.66,-73.58,37.4,80,40,5.82,scattered clouds,2021-01-05 06:15:18
364,Fare,PF,-16.7,-151.02,81.95,72,100,17.34,light rain,2021-01-05 06:18:08
365,Rovinari,RO,44.92,23.18,44.8,87,100,6.08,moderate rain,2021-01-05 06:18:09
366,Souillac,MU,-20.52,57.52,82.4,69,40,11.41,scattered clouds,2021-01-05 06:18:09
367,Tete,MZ,-16.16,33.59,82.4,74,20,4.7,few clouds,2021-01-05 06:18:10
368,Xuanhua,CN,40.61,115.04,15.64,62,0,12.62,clear sky,2021-01-05 06:13:48
369,Port-De-Bouc,FR,43.4,4.98,33.8,86,90,10.29,mist,2021-01-05 06:18:11
370,Koungou,YT,-12.73,45.2,86.0,70,0,13.87,light rain,2021-01-05 06:18:11
371,Biryusinsk,RU,55.96,97.82,-18.44,85,87,9.33,overcast clouds,2021-01-05 06:18:11
372,Lompoc,US,34.64,-120.46,54.0,93,90,8.05,mist,2021-01-05 06:18:11
373,Albanel,CA,48.88,-72.45,19.4,92,21,5.82,few clouds,2021-01-05 06:18:12
374,Baruun-Urt,MN,46.68,113.28,-13.36,87,96,1.48,overcast clouds,2021-01-05 06:18:12
375,Cidreira,BR,-30.18,-50.21,72.54,76,100,15.3,overcast clouds,2021-01-05 06:18:12
376,Ati,TD,13.22,18.34,71.01,21,0,9.69,clear sky,2021-01-05 06:18:12
377,Eregli,TR,37.51,34.05,41.04,66,41,0.85,scattered clouds,2021-01-05 06:18:13
378,Ambilobe,MG,-13.2,49.05,84.24,69,0,3.04,clear sky,2021-01-05 06:18:13
379,Vila Velha,BR,-20.33,-40.29,77.0,83,75,8.05,broken clouds,2021-01-05 06:15:12
380,Rumford,US,44.55,-70.55,26.01,92,100,1.01,overcast clouds,2021-01-05 06:18:13
381,Batemans Bay,AU,-35.72,150.18,72.0,80,91,3.0,overcast clouds,2021-01-05 06:18:13
382,Lavrentiya,RU,65.58,-171.0,-8.0,88,9,11.03,clear sky,2021-01-05 06:18:14
383,Broken Hill,AU,-31.95,141.43,80.6,24,0,17.22,clear sky,2021-01-05 06:18:14
384,Jasper,US,37.2,-94.35,35.01,92,1,3.36,clear sky,2021-01-05 06:18:14
385,Narsaq,GL,60.92,-46.05,28.4,54,99,3.36,light snow,2021-01-05 06:18:15
386,Kijang,KR,35.24,129.21,42.8,30,0,12.75,clear sky,2021-01-05 06:17:22
387,Acoyapa,NI,11.97,-85.17,70.3,89,6,8.01,clear sky,2021-01-05 06:18:15
388,Nosy Varika,MG,-20.58,48.53,81.95,63,1,2.35,clear sky,2021-01-05 06:18:15
389,Kimbe,PG,-5.55,150.14,86.4,70,56,4.21,light rain,2021-01-05 06:18:15
390,Whitehaven,GB,54.55,-3.58,32.0,95,27,4.0,scattered clouds,2021-01-05 06:18:16
391,Along,IN,28.17,94.77,75.7,28,23,1.05,few clouds,2021-01-05 06:18:16
392,Tasiilaq,GL,65.61,-37.64,17.6,48,2,3.36,clear sky,2021-01-05 06:18:16
393,Arica,CL,-18.48,-70.3,69.8,73,35,1.12,scattered clouds,2021-01-05 06:17:14
394,Isangel,VU,-19.55,169.27,82.4,83,90,5.08,overcast clouds,2021-01-05 06:18:17
395,Yendi,GH,9.44,-0.01,73.62,29,12,2.57,few clouds,2021-01-05 06:13:24
396,Rio Verde De Mato Grosso,BR,-18.92,-54.84,70.54,89,100,4.23,overcast clouds,2021-01-05 06:18:17
397,Buin,CL,-33.73,-70.75,59.0,51,0,9.17,clear sky,2021-01-05 06:18:17
398,Qasigiannguit,GL,68.82,-51.19,4.84,92,100,4.97,overcast clouds,2021-01-05 06:18:18
399,Lashio,MM,22.93,97.75,80.76,36,100,2.51,overcast clouds,2021-01-05 06:13:42
400,Erenhot,CN,43.65,111.98,0.55,82,96,17.47,overcast clouds,2021-01-05 06:18:18
401,Alice Springs,AU,-23.7,133.88,77.0,60,90,11.41,overcast clouds,2021-01-05 06:18:18
402,Swellendam,ZA,-34.02,20.44,69.8,73,40,9.17,scattered clouds,2021-01-05 06:18:19
403,Benghazi,LY,32.12,20.07,58.35,55,93,6.91,overcast clouds,2021-01-05 06:18:19
404,Mersing,MY,2.43,103.84,80.6,88,20,8.05,few clouds,2021-01-05 06:18:19
405,Qujing,CN,25.48,103.78,62.6,47,83,13.94,broken clouds,2021-01-05 06:18:19
406,Yulara,AU,-25.24,130.99,84.2,26,40,14.99,scattered clouds,2021-01-05 06:18:20
407,Asosa,ET,10.07,34.53,74.77,24,0,5.44,clear sky,2021-01-05 06:18:20
408,Mandurah,AU,-32.55,115.7,90.0,22,0,18.34,clear sky,2021-01-05 06:18:20
409,Chipinge,ZW,-20.19,32.62,73.98,76,0,1.16,clear sky,2021-01-05 06:18:20
410,Luena,AO,-11.78,19.92,63.68,93,99,5.21,overcast clouds,2021-01-05 06:18:21
411,Tianpeng,CN,30.99,103.94,55.0,1,49,4.65,scattered clouds,2021-01-05 06:18:21
412,Berlevag,NO,70.86,29.09,39.2,80,75,12.75,broken clouds,2021-01-05 06:18:21
413,Tuatapere,NZ,-46.13,167.68,62.01,75,63,1.99,broken clouds,2021-01-05 06:18:21
414,Matias Barbosa,BR,-21.87,-43.32,66.0,98,57,1.01,broken clouds,2021-01-05 06:18:22
415,Ituporanga,BR,-27.41,-49.6,71.01,96,98,1.48,light rain,2021-01-05 06:18:22
416,Granada,ES,37.25,-3.25,33.01,68,99,1.59,overcast clouds,2021-01-05 06:18:22
417,Margate,GB,51.38,1.39,41.0,80,100,5.01,overcast clouds,2021-01-05 06:18:22
418,Joshimath,IN,30.57,79.57,47.59,54,100,8.23,overcast clouds,2021-01-05 06:18:23
419,Petropavlovsk-Kamchatskiy,RU,53.05,158.65,23.0,57,40,4.47,scattered clouds,2021-01-05 06:18:23
420,Samana,DO,19.21,-69.34,70.88,78,0,6.08,clear sky,2021-01-05 06:18:23
421,Antalaha,MG,-14.9,50.28,82.31,66,21,2.64,light rain,2021-01-05 06:18:23
422,Oranjestad,AW,12.52,-70.03,73.4,94,75,18.34,light intensity shower rain,2021-01-05 06:18:24
423,Clinton,US,42.59,-82.92,33.01,96,90,5.82,overcast clouds,2021-01-05 06:18:24
424,Nansio,TZ,-2.13,33.05,69.8,83,40,4.47,light rain,2021-01-05 06:18:24
425,Blitar,ID,-8.1,112.17,84.06,72,94,7.38,moderate rain,2021-01-05 06:13:34
426,Salur,IN,18.53,83.22,82.8,32,48,4.54,scattered clouds,2021-01-05 06:18:25
427,Noumea,NC,-22.28,166.46,80.6,88,84,8.05,broken clouds,2021-01-05 06:18:25
428,Samarai,PG,-10.62,150.67,86.56,72,95,13.67,overcast clouds,2021-01-05 06:18:25
429,Touros,BR,-5.2,-35.46,77.0,88,40,5.82,scattered clouds,2021-01-05 06:18:23
430,Port-Gentil,GA,-0.72,8.78,78.8,94,75,2.24,mist,2021-01-05 06:18:26
431,Taoudenni,ML,22.68,-3.98,61.97,27,75,4.09,broken clouds,2021-01-05 06:18:26
432,Port Washington,US,40.83,-73.7,39.2,69,90,6.93,overcast clouds,2021-01-05 06:15:09
433,Nyuksenitsa,RU,60.41,44.24,11.79,96,76,5.1,broken clouds,2021-01-05 06:18:26
434,San Quintin,MX,30.48,-115.95,55.99,89,94,4.65,overcast clouds,2021-01-05 06:18:27
435,Callaway,US,30.15,-85.57,48.2,81,1,4.99,clear sky,2021-01-05 06:18:27
436,Shakawe,BW,-18.37,21.85,72.09,75,69,5.26,broken clouds,2021-01-05 06:18:27
437,Port-Cartier,CA,50.03,-66.87,25.0,85,100,6.93,overcast clouds,2021-01-05 06:18:27
438,Kieta,PG,-6.22,155.63,84.52,66,70,2.17,light rain,2021-01-05 06:18:28
439,Saint Thomas,BB,13.18,-59.58,77.0,69,20,13.87,few clouds,2021-01-05 06:18:28
440,Namatanai,PG,-3.67,152.43,85.48,65,59,9.26,broken clouds,2021-01-05 06:18:28
441,Akyab,MM,20.15,92.9,81.14,43,45,5.5,scattered clouds,2021-01-05 06:18:28
442,Vanimo,PG,-2.67,141.3,84.24,74,100,6.85,light rain,2021-01-05 06:18:28
443,Khorixas,NA,-20.37,14.97,67.62,57,87,1.48,overcast clouds,2021-01-05 06:18:29
444,Yerbogachen,RU,61.28,108.01,-23.35,85,100,10.51,light snow,2021-01-05 06:18:29
445,Norden,DE,53.6,7.2,37.0,82,100,13.0,overcast clouds,2021-01-05 06:18:29
446,Daloa,CI,6.88,-6.45,74.84,88,56,4.47,broken clouds,2021-01-05 06:18:29
447,San Vicente,AR,-26.62,-54.13,65.46,100,99,1.12,moderate rain,2021-01-05 06:15:14
448,Severo-Yeniseyskiy,RU,60.37,93.04,-14.24,90,98,4.43,overcast clouds,2021-01-05 06:18:30
449,Moose Factory,CA,51.26,-80.61,33.8,86,90,8.05,overcast clouds,2021-01-05 06:18:30
450,Tahta,EG,26.77,31.5,48.2,87,0,3.36,mist,2021-01-05 06:18:30
451,Carahue,CL,-38.7,-73.17,48.2,100,0,4.7,clear sky,2021-01-05 06:18:30
452,Preobrazheniye,RU,42.9,133.91,14.56,69,0,6.02,clear sky,2021-01-05 06:18:30
453,Jumla,NP,29.27,82.18,56.34,36,100,5.21,overcast clouds,2021-01-05 06:15:07
454,Solano,US,38.23,-121.95,48.99,100,1,12.75,clear sky,2021-01-05 06:18:31
455,Maragogi,BR,-9.01,-35.22,76.41,81,42,7.67,scattered clouds,2021-01-05 06:17:28
456,Wagga Wagga,AU,-35.12,147.37,84.99,30,0,13.87,clear sky,2021-01-05 06:18:31
457,Tomakomai,JP,42.64,141.6,24.8,45,20,5.82,few clouds,2021-01-05 06:18:31
458,La Tuque,CA,47.43,-72.78,21.2,92,44,1.9,scattered clouds,2021-01-05 06:18:32
459,Iqaluit,CA,63.75,-68.51,-16.01,68,75,2.24,broken clouds,2021-01-05 06:18:32
460,Batagay-Alyta,RU,67.8,130.41,-23.93,84,87,2.04,overcast clouds,2021-01-05 06:18:32
461,Lagoa,PT,39.05,-27.98,60.93,82,100,28.14,overcast clouds,2021-01-05 06:18:33
462,Straumen,NO,63.87,11.3,28.99,92,0,3.36,clear sky,2021-01-05 06:18:33
463,Trairi,BR,-3.28,-39.27,78.6,81,78,8.57,light rain,2021-01-05 06:15:20
464,Paripiranga,BR,-10.69,-37.86,67.24,99,29,3.74,scattered clouds,2021-01-05 06:18:33
465,Xai-Xai,MZ,-25.05,33.64,80.13,71,15,4.94,few clouds,2021-01-05 06:18:33
466,Svatove,UA,49.41,38.15,29.3,96,100,16.4,overcast clouds,2021-01-05 06:18:34
467,Rudnaya Pristan,RU,44.36,135.81,10.49,75,0,7.92,clear sky,2021-01-05 06:18:34
468,Belen,TR,36.49,36.22,46.4,61,20,8.05,few clouds,2021-01-05 06:18:34
469,Huarmey,PE,-10.07,-78.15,69.46,88,89,4.54,overcast clouds,2021-01-05 06:18:35
470,Lagdo,CM,9.05,13.73,70.14,27,0,2.89,clear sky,2021-01-05 06:18:35
471,Ugoofaaru,MV,5.67,73.0,82.36,78,99,13.98,overcast clouds,2021-01-05 06:18:35
472,Kaeo,NZ,-35.1,173.78,73.99,65,10,5.99,clear sky,2021-01-05 06:18:35
473,Namibe,AO,-15.2,12.15,71.33,78,87,5.7,overcast clouds,2021-01-05 06:18:35
474,Dombarovskiy,RU,50.76,59.54,4.39,87,96,3.13,overcast clouds,2021-01-05 06:18:36
475,Aparecida,BR,-22.85,-45.23,66.0,92,100,1.83,overcast clouds,2021-01-05 06:18:36
476,Corsicana,US,32.1,-96.47,50.0,57,1,4.7,clear sky,2021-01-05 06:16:47
477,Vilyuysk,RU,63.76,121.62,-36.24,82,41,5.44,scattered clouds,2021-01-05 06:18:36
478,Bubaque,GW,11.28,-15.83,80.38,51,6,8.68,clear sky,2021-01-05 06:18:36
479,Santa Teresa,VE,10.23,-66.66,73.4,100,20,2.04,few clouds,2021-01-05 06:18:37
480,Sagaing,MM,21.88,95.98,78.8,54,86,3.36,overcast clouds,2021-01-05 06:18:37
481,Sindor,RU,62.86,51.89,8.04,96,85,4.16,overcast clouds,2021-01-05 06:18:37
482,Saint-Pierre,RE,-21.34,55.48,84.2,62,75,21.92,broken clouds,2021-01-05 06:18:37
483,Praia Da Vitoria,PT,38.73,-27.07,59.0,93,75,28.54,broken clouds,2021-01-05 06:18:37
484,Nouakchott,MR,18.09,-15.98,66.2,29,0,9.17,clear sky,2021-01-05 06:18:38
485,Bilibino,RU,68.05,166.44,-30.96,81,100,3.29,overcast clouds,2021-01-05 06:18:38
486,Labuhan,ID,-6.88,112.21,81.36,85,92,19.3,moderate rain,2021-01-05 06:18:38
487,Krasnyy Chikoy,RU,50.36,108.75,-17.48,77,92,11.99,overcast clouds,2021-01-05 06:18:38
488,Aiken,US,33.58,-81.6,42.01,86,1,4.7,clear sky,2021-01-05 06:15:04
489,Tiarei,PF,-17.53,-149.33,78.8,74,75,6.93,shower rain,2021-01-05 06:18:39
490,Meulaboh,ID,4.14,96.13,86.61,62,45,9.26,scattered clouds,2021-01-05 06:18:39
491,Hervey Bay,AU,-25.3,152.85,87.8,52,100,14.99,overcast clouds,2021-01-05 06:18:39
492,Stromness,GB,58.97,-3.3,35.6,74,99,8.05,overcast clouds,2021-01-05 06:18:39
493,Dukat,RU,62.55,155.55,-34.65,82,100,4.18,overcast clouds,2021-01-05 06:18:40
494,Aklavik,CA,68.22,-135.01,-13.0,75,83,5.82,broken clouds,2021-01-05 06:18:40
495,Burlington,US,39.88,-74.64,39.2,86,20,3.09,few clouds,2021-01-05 06:14:00
496,Saint-Joseph,RE,-21.37,55.62,84.2,62,75,21.92,broken clouds,2021-01-05 06:18:41
497,Polunochnoye,RU,60.87,60.42,-5.96,93,100,2.82,overcast clouds,2021-01-05 06:18:41
498,Bakreswar,IN,23.88,87.37,66.2,63,99,3.36,haze,2021-01-05 06:18:41
499,Nelson Bay,AU,-32.72,152.15,86.0,42,18,13.87,few clouds,2021-01-05 06:18:41
500,Vostok,RU,46.49,135.88,-5.4,84,70,6.08,broken clouds,2021-01-05 06:18:41
501,Hay River,CA,60.82,-115.8,-22.0,67,97,3.36,overcast clouds,2021-01-05 06:15:06
502,Gari,RU,59.43,62.35,-4.38,92,87,6.15,overcast clouds,2021-01-05 06:18:42
503,Tezu,IN,27.92,96.17,79.88,20,0,3.56,clear sky,2021-01-05 06:18:42
504,Morondava,MG,-20.28,44.28,84.16,73,29,3.65,moderate rain,2021-01-05 06:18:42
505,Bambanglipuro,ID,-7.95,110.28,85.98,65,88,10.42,light rain,2021-01-05 06:18:43
506,Antofagasta,CL,-23.65,-70.4,64.4,88,40,6.93,scattered clouds,2021-01-05 06:16:48
507,Dandong,CN,40.13,124.39,14.83,61,0,11.77,clear sky,2021-01-05 06:18:43
508,Sola,VU,-13.88,167.55,83.8,71,100,8.75,overcast clouds,2021-01-05 06:18:43
509,Mansa,IN,29.98,75.38,69.51,61,92,8.93,light rain,2021-01-05 06:18:43
510,Flin Flon,CA,54.77,-101.86,0.97,93,0,4.14,clear sky,2021-01-05 06:18:44
511,Nuuk,GL,64.18,-51.72,19.4,92,100,3.36,light snow,2021-01-05 06:18:44
512,Labuan,MY,5.28,115.24,86.0,70,20,4.7,few clouds,2021-01-05 06:18:44
513,Launceston,AU,-41.45,147.17,73.0,49,60,10.29,broken clouds,2021-01-05 06:18:44
514,Verkhnevilyuysk,RU,63.45,120.32,-28.75,83,98,5.14,overcast clouds,2021-01-05 06:18:44
515,Ahuimanu,US,21.44,-157.84,75.2,73,75,12.75,light rain,2021-01-05 06:16:21
516,Ascona,CH,46.15,8.77,35.6,100,40,1.12,light snow,2021-01-05 06:18:45
517,Muros,ES,42.78,-9.06,34.0,88,4,1.99,clear sky,2021-01-05 06:18:45
518,Chernyshevskiy,RU,63.01,112.47,-21.71,88,100,9.55,overcast clouds,2021-01-05 06:18:45
519,Iranshahr,IR,27.2,60.68,48.2,16,0,4.7,clear sky,2021-01-05 06:18:46
520,Wajima,JP,37.4,136.9,41.0,86,75,10.29,broken clouds,2021-01-05 06:18:46
521,Kazachinskoye,RU,57.7,93.28,-18.62,85,15,7.25,few clouds,2021-01-05 06:18:46
522,Acajutla,SV,13.59,-89.83,76.71,78,4,7.52,light rain,2021-01-05 06:18:46
523,Kokstad,ZA,-30.55,29.42,67.48,79,94,3.09,overcast clouds,2021-01-05 06:18:47
524,Tura,IN,25.52,90.22,78.42,42,100,3.38,overcast clouds,2021-01-05 06:18:47
525,Wamba,NG,8.93,8.6,71.42,26,10,1.05,clear sky,2021-01-05 06:18:47
526,Arman,RU,59.7,150.17,-6.14,79,99,10.67,overcast clouds,2021-01-05 06:18:47
527,Ukiah,US,39.15,-123.21,42.8,87,20,4.7,few clouds,2021-01-05 06:16:25
528,Saint Anthony,US,45.02,-93.22,28.4,92,1,3.36,clear sky,2021-01-05 06:18:48
529,Saint-Denis,FR,48.92,2.33,37.99,100,90,6.93,overcast clouds,2021-01-05 06:18:48
530,Xichang,CN,27.9,102.26,62.01,36,100,3.4,overcast clouds,2021-01-05 06:18:48
531,Vao,NC,-22.67,167.48,79.32,85,72,26.26,broken clouds,2021-01-05 06:18:48
532,Acapulco,MX,16.86,-99.89,75.74,80,1,4.47,clear sky,2021-01-05 06:18:14
533,Erzin,TR,36.96,36.2,54.0,48,1,11.99,clear sky,2021-01-05 06:18:49
534,North Battleford,CA,52.78,-108.28,15.8,72,75,16.11,broken clouds,2021-01-05 06:18:49
535,Povenets,RU,62.85,34.83,14.47,96,78,4.47,broken clouds,2021-01-05 06:18:49
536,Beaufort,MY,5.35,115.75,86.0,70,20,4.7,few clouds,2021-01-05 06:18:50
537,Praia,CV,14.92,-23.51,69.8,83,20,8.05,few clouds,2021-01-05 06:18:50
538,Anadyr,RU,64.75,177.48,-14.01,75,0,13.42,clear sky,2021-01-05 06:18:50
539,Paamiut,GL,61.99,-49.67,30.87,99,100,18.48,snow,2021-01-05 06:18:50
540,Yeppoon,AU,-23.13,150.73,89.6,49,75,8.05,broken clouds,2021-01-05 06:18:50
541,Kalmunai,LK,7.42,81.82,83.19,75,75,6.69,light rain,2021-01-05 06:18:51
542,Tazovskiy,RU,67.47,78.7,-16.47,88,37,11.74,scattered clouds,2021-01-05 06:18:51
543,Olafsvik,IS,64.89,-23.71,38.59,75,100,17.07,overcast clouds,2021-01-05 06:18:51
544,Auki,SB,-8.77,160.7,86.04,62,98,3.49,overcast clouds,2021-01-05 06:18:51
545,Mayumba,GA,-3.43,10.66,77.9,87,93,4.18,overcast clouds,2021-01-05 06:18:52
546,Luau,AO,-10.71,22.22,65.8,95,99,3.15,overcast clouds,2021-01-05 06:18:52
547,Beira,MZ,-19.84,34.84,84.2,74,20,5.82,few clouds,2021-01-05 06:16:09
548,Mezen,RU,65.85,44.24,3.07,94,94,3.83,overcast clouds,2021-01-05 06:18:52
549,Arauca,CO,7.08,-70.76,69.17,74,100,3.69,overcast clouds,2021-01-05 06:18:53
550,Kamogawa,JP,35.1,140.1,48.2,76,75,4.7,light rain,2021-01-05 06:18:53
551,Naryan-Mar,RU,67.67,53.09,-7.29,90,44,8.75,scattered clouds,2021-01-05 06:18:53
552,Mecca,SA,21.43,39.83,74.39,73,0,1.28,clear sky,2021-01-05 06:14:24
553,Soyo,AO,-6.13,12.37,77.56,85,100,5.84,overcast clouds,2021-01-05 06:18:54
554,La Libertad,EC,-2.23,-80.9,72.07,78,97,7.76,overcast clouds,2021-01-05 06:18:54
555,Mawlaik,MM,23.63,94.42,84.83,42,89,1.95,overcast clouds,2021-01-05 06:18:54
556,Roma,US,43.21,-75.46,33.01,98,90,3.36,mist,2021-01-05 06:18:54
557,Cockburn Town,TC,21.46,-71.14,76.21,66,0,9.57,clear sky,2021-01-05 06:17:10
558,Huilong,CN,31.81,121.66,46.0,75,73,1.99,broken clouds,2021-01-05 06:18:55
559,Sokoni,TZ,-6.43,39.55,82.4,83,20,13.87,light rain,2021-01-05 06:18:55
560,Champaign,US,40.13,-88.2,30.2,100,90,13.87,mist,2021-01-05 06:18:55
561,Ca Mau,VN,9.18,105.15,83.77,69,97,12.77,light rain,2021-01-05 06:18:55
562,Shu,KZ,43.6,73.76,11.07,88,15,2.95,few clouds,2021-01-05 06:18:56
563,Comarapa,BO,-17.9,-64.48,59.41,96,100,1.5,light rain,2021-01-05 06:18:56
564,Palauig,PH,15.44,119.9,85.05,65,7,7.92,clear sky,2021-01-05 06:18:56
565,Mao,ES,39.89,4.27,39.2,86,40,6.93,scattered clouds,2021-01-05 06:18:56
566,Khandyga,RU,62.67,135.6,-49.25,76,80,1.28,broken clouds,2021-01-05 06:18:57
567,Ayan,RU,56.45,138.17,-17.23,76,69,14.41,broken clouds,2021-01-05 06:18:57
568,Dauphin,CA,51.15,-100.05,17.4,95,0,2.82,clear sky,2021-01-05 06:18:58
569,Kenai,US,60.55,-151.26,18.0,85,75,6.93,broken clouds,2021-01-05 06:18:58
570,Strelka,RU,58.07,93.03,-19.46,85,31,7.52,scattered clouds,2021-01-05 06:18:58
571,Baghdad,IQ,33.34,44.4,42.8,60,0,5.82,clear sky,2021-01-05 06:15:06
572,Abu Samrah,SY,35.3,37.18,51.28,58,35,6.58,scattered clouds,2021-01-05 06:18:59
573,Spearfish,US,44.49,-103.86,37.4,34,20,5.82,few clouds,2021-01-05 06:16:30
574,Datong,CN,40.09,113.29,13.15,62,0,16.02,clear sky,2021-01-05 06:18:59
575,Kargasok,RU,59.06,80.86,-19.75,85,0,3.36,clear sky,2021-01-05 06:19:00
576,Waingapu,ID,-9.66,120.26,78.35,85,99,8.57,moderate rain,2021-01-05 06:19:00
577,Zhigansk,RU,66.77,123.37,-41.17,80,64,8.52,broken clouds,2021-01-05 06:19:00
578,Mitsamiouli,KM,-11.38,43.28,83.28,74,8,11.86,light rain,2021-01-05 06:19:00
579,Pangnirtung,CA,66.15,-65.71,-19.98,79,89,3.15,overcast clouds,2021-01-05 06:19:01
580,Puerto Del Rosario,ES,28.5,-13.86,66.2,82,0,13.87,clear sky,2021-01-05 06:19:01
581,Barreirinha,BR,-2.79,-57.07,75.07,81,99,0.65,overcast clouds,2021-01-05 06:19:01
582,Almaznyy,RU,48.04,40.05,30.2,92,75,29.08,broken clouds,2021-01-05 06:19:02
583,Quatre Cocos,MU,-20.21,57.76,82.99,69,40,11.41,scattered clouds,2021-01-05 06:19:02
584,Ascension,US,30.22,-90.9,53.6,93,1,4.63,clear sky,2021-01-05 06:19:02
585,Kapoeta,SS,4.77,33.59,85.15,37,0,21.05,clear sky,2021-01-05 06:19:03
586,Lac Du Bonnet,CA,50.25,-96.06,19.4,79,29,2.24,scattered clouds,2021-01-05 06:19:03
587,Chimbote,PE,-9.09,-78.58,69.64,85,89,2.73,overcast clouds,2021-01-05 06:19:03
588,Formosa Do Rio Preto,BR,-11.05,-45.19,70.52,82,58,1.97,broken clouds,2021-01-05 06:19:03
589,Olinda,BR,-8.01,-34.86,77.0,69,40,5.82,scattered clouds,2021-01-05 06:19:04
590,Abu Dhabi,AE,24.47,54.37,66.2,45,0,7.31,clear sky,2021-01-05 06:15:11
591,Naze,JP,28.37,129.48,60.8,93,75,25.28,light intensity shower rain,2021-01-05 06:16:06
592,Santo Antonio Do Ica,BR,-3.1,-67.94,72.37,97,61,2.01,broken clouds,2021-01-05 06:19:05
593,Hailin,CN,44.58,129.42,-2.04,86,12,3.27,few clouds,2021-01-05 06:19:05
594,Tres Arroyos,AR,-38.37,-60.28,61.95,93,100,13.67,light rain,2021-01-05 06:19:05
595,Indiana,US,40.0,-86.25,37.99,93,90,4.7,overcast clouds,2021-01-05 06:17:47
596,Lom Sak,TH,16.78,101.24,86.0,42,0,3.36,clear sky,2021-01-05 06:19:06
597,Komsomolskiy,UZ,40.43,71.72,19.4,85,75,4.7,mist,2021-01-05 06:19:06
598,Celestun,MX,20.87,-90.4,71.67,87,11,10.31,few clouds,2021-01-05 06:19:06
599,Totness,SR,5.88,-56.32,75.87,90,90,6.69,light rain,2021-01-05 06:19:07
600,Aksarka,RU,66.56,67.8,-15.93,88,89,13.71,overcast clouds,2021-01-05 06:19:07
601,Nanyang,CN,32.99,112.53,42.01,41,82,12.3,broken clouds,2021-01-05 06:19:08
602,Norfolk,US,42.17,-71.25,33.01,91,7,6.85,clear sky,2021-01-05 06:15:50
603,Seka,TH,17.93,103.96,87.01,42,76,3.6,broken clouds,2021-01-05 06:19:08
604,Ormara,PK,25.21,64.64,65.93,26,0,9.04,clear sky,2021-01-05 06:19:08
605,San Carlos De Bariloche,AR,-41.15,-71.31,53.1,53,9,3.2,clear sky,2021-01-05 06:19:09
606,Ghanzi,BW,-21.57,21.78,75.79,57,62,12.64,broken clouds,2021-01-05 06:19:09
607,Koroni,GR,36.8,21.95,51.01,100,20,9.01,mist,2021-01-05 06:19:09
608,Lubumbashi,CD,-11.66,27.48,65.86,94,100,5.23,overcast clouds,2021-01-05 06:19:09
609,Yurgamysh,RU,55.37,64.47,-2.69,90,97,7.29,overcast clouds,2021-01-05 06:19:10
610,Shwebo,MM,22.57,95.7,82.89,41,100,4.94,overcast clouds,2021-01-05 06:19:10
611,Leme,BR,-22.19,-47.39,66.52,87,100,2.46,overcast clouds,2021-01-05 06:19:10
612,Sao Joao Da Barra,BR,-21.64,-41.05,74.14,91,34,12.28,scattered clouds,2021-01-05 06:19:10
613,College,US,64.86,-147.8,-9.0,68,40,2.53,scattered clouds,2021-01-05 06:19:10
614,Vendas Novas,PT,38.68,-8.46,41.0,100,20,1.12,few clouds,2021-01-05 06:19:11
615,Cabedelo,BR,-6.98,-34.83,75.2,88,40,4.7,scattered clouds,2021-01-05 06:19:11
616,Koulamoutou,GA,-1.13,12.47,72.7,86,33,2.26,scattered clouds,2021-01-05 06:19:11
617,Vagay,RU,57.94,69.02,-9.27,88,91,8.19,overcast clouds,2021-01-05 06:19:12
618,Machico,PT,32.7,-16.77,60.8,82,40,5.82,scattered clouds,2021-01-05 06:19:12
619,Changli,CN,39.7,119.15,20.98,57,0,11.81,clear sky,2021-01-05 06:19:12
620,Rocha,UY,-34.48,-54.33,66.31,95,30,7.99,scattered clouds,2021-01-05 06:19:12
621,Teluknaga,ID,-6.1,106.64,86.0,74,75,9.17,broken clouds,2021-01-05 06:19:13
622,Sorong,ID,-0.88,131.25,83.88,75,92,6.51,light rain,2021-01-05 06:19:13
623,Benjamin Aceval,PY,-24.97,-57.57,71.6,94,90,6.93,heavy intensity rain,2021-01-05 06:19:13
624,Banff,CA,51.18,-115.57,33.8,86,92,8.05,overcast clouds,2021-01-05 06:15:37
625,Sawtell,AU,-30.38,153.1,77.0,78,27,8.05,scattered clouds,2021-01-05 06:19:13
626,Shimanovsk,RU,52.0,127.7,-14.58,84,37,5.99,scattered clouds,2021-01-05 06:19:14
627,Forbes,AU,-33.38,148.02,84.99,36,65,5.01,broken clouds,2021-01-05 06:19:14
628,Ivolginsk,RU,51.75,107.28,-14.8,51,40,17.9,scattered clouds,2021-01-05 06:19:14
629,West Wendover,US,40.74,-114.07,24.8,79,1,11.48,moderate rain,2021-01-05 06:19:14
630,Neunkirchen,DE,49.35,7.18,34.0,94,75,9.17,broken clouds,2021-01-05 06:19:15
631,Dakar,SN,14.69,-17.44,69.8,88,0,9.17,clear sky,2021-01-05 06:19:15
632,Guia De Isora,ES,28.21,-16.78,66.99,88,20,9.17,few clouds,2021-01-05 06:19:15
633,Baneh,IR,36.0,45.89,28.11,90,22,8.68,few clouds,2021-01-05 06:19:15
634,Langsa,ID,4.47,97.97,83.12,81,38,6.22,moderate rain,2021-01-05 06:19:16
635,Gladstone,AU,-23.85,151.25,86.0,62,40,12.75,scattered clouds,2021-01-05 06:19:16
636,Imbituba,BR,-28.24,-48.67,73.4,83,40,5.82,scattered clouds,2021-01-05 06:19:16
637,Corrientes,AR,-27.48,-58.83,77.0,73,0,4.7,clear sky,2021-01-05 06:16:03
638,Rosetta,EG,31.4,30.42,55.4,93,53,8.25,mist,2021-01-05 06:19:17
639,Elliot,ZA,-31.33,27.85,68.36,71,87,5.48,overcast clouds,2021-01-05 06:19:17
640,Milkovo,RU,54.72,158.62,0.99,89,15,1.07,few clouds,2021-01-05 06:19:17
641,Vung Tau,VN,10.35,107.08,80.22,77,100,13.27,overcast clouds,2021-01-05 06:19:17
642,Boa Vista,BR,2.82,-60.67,78.8,78,40,2.24,scattered clouds,2021-01-05 06:17:37
643,Gazanjyk,TM,39.24,55.52,32.32,93,100,11.65,overcast clouds,2021-01-05 06:18:53
644,Rock Sound,BS,24.9,-76.2,75.15,71,0,6.4,clear sky,2021-01-05 06:19:18
645,La Paz,BO,-16.5,-68.15,42.8,93,40,4.7,fog,2021-01-05 06:14:45
646,Bingen,DE,48.11,9.27,30.0,89,100,2.82,overcast clouds,2021-01-05 06:19:18
647,Sao Filipe,CV,14.9,-24.5,74.7,75,100,2.3,overcast clouds,2021-01-05 06:19:19
648,Ucluelet,CA,48.93,-125.55,41.0,92,28,1.01,scattered clouds,2021-01-05 06:18:55
649,Revelstoke,CA,50.98,-118.2,32.0,75,90,2.24,light snow,2021-01-05 06:19:19
650,Kismayo,SO,-0.36,42.55,81.18,70,36,18.25,scattered clouds,2021-01-05 06:19:19
651,Puerto Escondido,MX,15.85,-97.07,76.37,77,9,3.96,light rain,2021-01-05 06:19:19
652,Karratha,AU,-20.74,116.85,94.42,40,35,17.05,scattered clouds,2021-01-05 06:19:20
653,East Moline,US,41.5,-90.44,28.99,92,1,4.7,mist,2021-01-05 06:19:20
654,Narsimhapur,IN,22.95,79.2,79.03,28,99,7.4,overcast clouds,2021-01-05 06:19:20
655,Coatzacoalcos,MX,18.15,-94.42,73.53,89,4,6.87,light rain,2021-01-05 06:15:01
656,San Patricio,US,28.02,-97.52,62.01,100,75,3.36,fog,2021-01-05 06:19:21
657,Esmeraldas,BR,-19.76,-44.31,69.8,94,75,0.22,broken clouds,2021-01-05 06:19:21
658,San Rafael,AR,-34.62,-68.33,64.22,75,88,13.85,light rain,2021-01-05 06:18:22
659,Limoges,FR,45.75,1.33,30.2,86,90,9.17,overcast clouds,2021-01-05 06:19:21
660,Sawakin,SD,19.11,37.33,78.6,72,86,4.59,light rain,2021-01-05 06:19:21
661,Catamarca,AR,-28.47,-65.79,61.0,88,49,4.34,light rain,2021-01-05 06:19:22
662,Tefe,BR,-3.35,-64.71,73.49,96,99,1.99,heavy intensity rain,2021-01-05 06:19:22
663,Kayerkan,RU,69.35,87.76,-9.4,76,90,20.13,light snow,2021-01-05 06:19:22
664,Netrakona,BD,24.88,90.72,79.97,41,100,0.98,overcast clouds,2021-01-05 06:19:22
665,Evensk,RU,61.95,159.23,-12.35,79,0,10.67,clear sky,2021-01-05 06:19:23
666,Micheweni,TZ,-4.97,39.83,82.35,74,88,12.82,overcast clouds,2021-01-05 06:19:23
667,Asau,RO,46.43,26.4,39.99,80,100,4.74,light rain,2021-01-05 06:19:23
668,Brawley,US,32.98,-115.53,50.0,46,1,4.7,clear sky,2021-01-05 06:17:15
669,Virginia Beach,US,36.85,-75.98,45.0,75,90,3.36,overcast clouds,2021-01-05 06:16:34
670,Vangaindrano,MG,-23.35,47.6,79.99,72,27,5.3,light rain,2021-01-05 06:19:24
671,Jalu,LY,29.03,21.55,51.39,77,57,11.48,broken clouds,2021-01-05 06:19:24
672,Fort-De-France,MQ,14.61,-61.07,73.4,94,12,8.05,light rain,2021-01-05 06:19:24
673,Korcula,HR,42.96,17.14,32.0,68,40,1.12,fog,2021-01-05 06:19:25
674,Salumbar,IN,24.13,74.05,66.2,77,40,2.24,mist,2021-01-05 06:19:25
675,Korop,UA,51.57,32.96,32.4,95,100,9.46,overcast clouds,2021-01-05 06:19:25
676,Batalha,BR,-9.68,-37.12,71.26,91,3,4.14,clear sky,2021-01-05 06:19:25
677,Karasuk,RU,53.74,78.04,-15.23,88,91,8.81,overcast clouds,2021-01-05 06:19:25
678,Msanga,TZ,-6.05,36.03,71.6,78,20,9.17,light rain,2021-01-05 06:19:26
679,Kultuk,RU,51.72,103.7,-14.4,77,100,13.06,overcast clouds,2021-01-05 06:19:26
680,Cabra,ES,37.47,-4.44,37.99,85,100,2.44,overcast clouds,2021-01-05 06:19:26
681,Cabrobo,BR,-8.51,-39.31,73.09,77,15,14.32,few clouds,2021-01-05 06:19:26
682,Eisenerz,AT,47.53,14.88,32.0,100,90,2.24,fog,2021-01-05 06:19:27
683,Dingle,PH,11.0,122.67,82.78,72,100,13.87,overcast clouds,2021-01-05 06:19:27
684,Stara Vyzhivka,UA,51.44,24.44,39.99,91,100,15.66,moderate rain,2021-01-05 06:19:27
685,Bad Ems,DE,50.33,7.72,35.01,93,98,4.74,overcast clouds,2021-01-05 06:19:27
686,Katima Mulilo,NA,-17.5,24.27,71.6,88,8,1.12,clear sky,2021-01-05 06:19:28
687,Parian Dakula,PH,5.56,120.77,82.47,71,96,3.0,light rain,2021-01-05 06:19:28
688,Roald,NO,62.58,6.13,30.2,74,0,6.93,clear sky,2021-01-05 06:19:28
689,Singapore,SG,1.29,103.85,87.8,62,40,10.29,scattered clouds,2021-01-05 06:16:05
690,Hohhot,CN,40.81,111.65,6.8,50,0,4.47,clear sky,2021-01-05 06:19:28
691,Kaseda,JP,31.42,130.32,46.4,61,75,11.41,light rain,2021-01-05 06:19:29
692,Tubuala,PA,9.52,-79.03,72.0,94,0,9.91,clear sky,2021-01-05 06:19:29
693,Ariquemes,BR,-9.91,-63.04,71.74,94,100,1.95,overcast clouds,2021-01-05 06:18:13
694,Chamonix-Mont-Blanc,FR,45.92,6.87,28.99,92,40,1.12,scattered clouds,2021-01-05 06:19:29
695,Safranbolu,TR,41.25,32.69,42.94,66,66,1.9,broken clouds,2021-01-05 06:19:29
696,Calamar,CO,10.25,-74.91,77.0,88,40,3.36,scattered clouds,2021-01-05 06:19:30
